<?xml version="1.0" encoding="UTF-8"?>
<project-private xmlns="http://www.netbeans.org/ns/project-private/1">
    <editor-bookmarks xmlns="http://www.netbeans.org/ns/editor-bookmarks/2" lastBookmarkId="0"/>
    <open-files xmlns="http://www.netbeans.org/ns/projectui-open-files/2">
        <group>
            <file>file:/C:/Users/杨小燕/Desktop/大2上/Java/讨论/第3次/src/problem1/QueueTester.java</file>
            <file>file:/C:/Users/杨小燕/Desktop/大2上/Java/讨论/第3次/src/problem1/Student.java</file>
            <file>file:/C:/Users/杨小燕/Desktop/大2上/Java/讨论/第3次/src/problem2/ListTester.java</file>
            <file>file:/C:/Users/杨小燕/Desktop/大2上/Java/讨论/第3次/src/problem3/MyQueueTester.java</file>
        </group>
    </open-files>
</project-private>
